id,last_name,first_name
3249345,Mcgowan,Lois
2368019,Myers,Michael
1272196,Collado,Tim
3440917,Stolz,Phillip
1838132,Hudson,Thomas
3759334,Perez,Glenn
863034,Garcia,Duane
914684,Oliver,Richard
1645529,Biddle,Jong
3547539,Bowen,Susanne
3739931,Brock,Mauricio
2310605,Haynes,Violet
2752033,Tratar,William
2873588,Adams,John
263400,Bramlet,Sherry
2249574,Mclean,Kimberly
3971087,Cohen,Vera
3407742,Gordon,Brittany
757667,Whitney,Jack
1490148,Burr,Lori
133681,Evans,Emma
2311045,Beene,Alfred
1624726,Leusink,Michael
245806,Ford,Jennifer
550048,Pech,Ella
439506,Campbell,Karen
3714340,Collins,Jennifer
819655,Wiltse,Pablo
2180287,Rivera,Jessica
210194,Erickson,Kathleen
3852669,Turner,Sheila
3572690,Smith,Charles
263802,Deese,Robert
3669921,Carrozza,Anne
1585186,Marble,Andrew
2292581,Frazier,John
461137,Spaulding,Rachel
3253374,Boyter,Debra
3598820,Hottle,Steven
3304515,Gordon,Stephanie
2737863,Mcdonald,Edward
3942255,Williams,Stephen
851898,Gutierrez,Joseph
2579208,Treaster,Michaela
3049798,Butler,Rebecca
755367,Dunkel,Ellis
2961837,Rankins,Mathew
1840137,Cochran,John
461047,Teich,Nellie
1951154,Mendoza,Charlotte
3773201,Coates,Josephine
3360140,Allen,James
2166260,Hernandez,Sharon
663025,Mata,Alexandra
3824548,Tovar,Ruth
667487,Marceau,Gregory
3409138,Anderson,David
419699,Morris,Brian
3632098,Bobo,Hector
3214388,Dey,Lori
1744837,Riebau,Dave
1223057,Dorsey,Randy
1051118,Courtney,Isabella
1009327,Green,Robert
2996910,Lockwood,Shirley
1607391,Maryland,Lawanda
1702361,Brewer,Wilma
2179752,Adelman,Juliette
1926654,Dimaio,Brent
2766353,Fielding,Louis
3952216,Parker,Nancy
1681108,Carter,Rick
2548681,Mack,Geoffrey
869958,Lopez,Chris
2744307,Riesner,Jon
808396,Higgins,Barbara
897480,Jimenez,Jerry
3634870,Ragasa,Mae
1712116,Mullins,Caitlin
1456442,Salinas,Freeman
3462446,Zanella,Craig
3580069,Searchwell,Robert
3736925,Russell,Yvonne
851356,Torrez,Esther
679512,Royse,James
2698308,Anderson,Ann
1156172,Dardis,Janet
777148,Phillips,Janis
2498051,Rockmore,Preston
2102614,Cronin,Karl
2132623,Fleischer,Keith
1930293,Paredez,Nikki
2510930,Laflam,Nicholas
810190,Thurber,Ronald
1379974,Medina,Pete
3435985,Lynaugh,Brian
824898,Macleod,Clifford
1488726,Walker,Hilda
3807499,Wright,Lorraine
1443185,Barnes,Elanor
3608350,White,Matthew
576462,Vanhoose,Sarah
1793791,Greene,Dennis
518917,Wimberly,Roy
3433214,Coley,Myrtle
576988,Adair,Joe
3538674,Dodson,Linda
1473698,Lossett,Misty
1485864,Suero,Windy
2156277,Coleman,Cathy
3094172,Mcglinchey,Lesley
831427,Owens,Michael
1054818,Winters,Dan
785708,Matta,Antonio
1949601,Griffin,Michael
2886483,Roberts,Keith
2944561,Wiener,Rebecca
2515427,Mathis,Hector
3724922,Endicott,Kerry
681430,Johnson,Carlos
253886,Giles,Elena
1910884,Warner,Michael
1036965,Mastin,Ramon
2391906,Kirschman,Terry
3579555,Watkins,Louise
717112,Dallas,Larry
2294655,Stephens,Bonnie
304372,Parker,Dawn
3173297,Zarate,Danny
2128240,Buddington,Maureen
3936244,Korsmeyer,Lanny
2391859,Havens,Carol
2978177,Katowicz,Kevin
2045598,Carothers,Marsha
745668,Gonzalez,Deborah
2092273,Durst,Carlos
2724671,Whisnant,Stuart
3911865,Cole,David
2783846,Rodriguez,Mary
2413855,Lund,Anne
1442484,Tubbs,Ken
735756,Johnson,Lance
1961433,Szekely,Joann
1442468,Davis,Angle
1468574,Hemenway,Harry
392614,Ward,John
3478035,Don,Paul
3841103,Green,Gene
3072638,Tyler,Robert
662416,Love,Phillip
3953633,Lindsay,Latasha
3676203,Smith,Daniel
2003640,Nickels,Deborah
817712,Coon,Victor
3774797,Robinson,Frank
230046,Gonzalez,Devin
2788478,Parker,Tyson
3634559,Gardner,Diane
1309202,Fenton,Adam
2828578,Mcintyre,Mary
3118170,Perez,Alesha
3915773,Weir,Patricia
2925824,Hoerner,Eric
3328169,Elio,Ida
1231881,Slavens,Theodora
1040880,Garner,Willis
2028857,Gutierrez,Lawrence
2388256,England,Edward
2860796,Curtis,Kim
2540263,Orth,Tricia
3426806,Ingram,Lisa
1145556,Ortiz,Harriet
1641287,Bulle,Mary
535424,Mccroskey,Deborah
552920,Thresher,Deann
3534208,Blackburn,Cheryl
2778206,Eaton,Angela
3085760,Quirarte,Mary
1621112,Nwachukwu,Philip
1690564,Chandler,Norman
2364656,Bryant,Jennie
3216074,Lee,Gertrude
2348494,Conner,Karl
2009955,Porraz,Donna
239045,Simmons,Marsha
2204714,Connors,Antonio
893013,Hyland,Cindy
3129703,Dale,Katina
3273658,Whittman,Anna
196048,Viejo,John
1938039,Poitras,Jim
1261752,Blackmon,Charles
3058053,Bisson,Shirley
2268476,Ellis,Brittany
3951680,Griffin,Lori
1458591,Fryson,Luke
633115,Delong,Thomas
1051679,Longwell,Darrell
614925,Goodrich,Wiley
3972293,Harris,Carlos
2808085,Green,Craig
2390466,Osei,Anne
1054055,Bossler,Christopher
2825173,Horn,Nicole
1732594,Creasman,Dennis
1169808,Hunter,Opal
1063866,Peachey,Mark
1436032,Winship,Matthew
2806055,Herzog,Betty
853519,Martinez,Mayra
2441257,Medina,Pearl
3971957,Griffie,Steven
3101679,Ragsdale,Elvira
2924376,Cooper,Stacey
711867,Satterfield,Jerome
3493792,Gibson,Clarence
3096018,Whitaker,Michael
611669,Haddix,Joseph
1022682,Hale,Leslie
2987216,Worrell,Carol
2266123,Mccabe,James
2177434,Yazzie,Brian
368345,Schroeder,Glenn
730114,Meyers,Billy
2309410,Robinson,Alejandro
1660034,Rosas,Shirley
1327248,Quinones,Horacio
1703072,Hawkins,Etta
2654636,Wiersema,Tommy
1136681,Stowell,Dianna
434419,Casillas,Maryellen
2570708,Salazar,Rita
988416,Saldivar,Sarah
1852583,Tabor,Robert
